[
  {
    "id": "1",
    "comedian": "РУСЛАН БЕЛЫЙ",
    "performances": [
      {
        "time": "12:00",
        "hall": "Зал 1"
      },
      {
        "time": "23:00",
        "hall": "Зал 2"
      }
    ]
  },
  {
    "id": "2",
    "comedian": "ЮЛЯ АХМЕДОВА",
    "performances": [
      {
        "time": "13:00",
        "hall": "Зал 1"
      }
    ]
  },
  {
    "id": "3",
    "comedian": "ТИМУР КАРГИНОВ",
    "performances": [
      {
        "time": "14:00",
        "hall": "Зал 1"
      }
    ]
  },
  {
    "id": "4",
    "comedian": "СЛАВА КОМИССАРЕНКО",
    "performances": [
      {
        "time": "15:00",
        "hall": "Зал 1"
      }
    ]
  },
  {
    "id": "5",
    "comedian": "АЛЕКСЕЙ ЩЕРБАКОВ",
    "performances": [
      {
        "time": "16:00",
        "hall": "Зал 1"
      },
      {
        "time": "21:00",
        "hall": "Зал 1"
      }
    ]
  },
  {
    "id": "6",
    "comedian": "ВИКТОР КОМАРОВ",
    "performances": [
      {
        "time": "17:00",
        "hall": "Зал 1"
      },
      {
        "time": "22:00",
        "hall": "Зал 1"
      }
    ]
  },
  {
    "id": "7",
    "comedian": "ДМИТРИЙ РОМАНОВ",
    "performances": [
      {
        "time": "18:00",
        "hall": "Зал 1"
      },
      {
        "time": "23:00",
        "hall": "Зал 1"
      }
    ]
  },
  {
    "id": "8",
    "comedian": "ЕЛЕНА НОВИКОВА",
    "performances": [
      {
        "time": "19:00",
        "hall": "Зал 1"
      }
    ]
  },
  {
    "id": "9",
    "comedian": "ВАНЯ УСОВИЧ",
    "performances": [
      {
        "time": "12:00",
        "hall": "Зал 2"
      }
    ]
  },
  {
    "id": "10",
    "comedian": "ИЛЬЯ СОБОЛЕВ",
    "performances": [
      {
        "time": "13:00",
        "hall": "Зал 2"
      }
    ]
  },
  {
    "id": "11",
    "comedian": "ИРА ПРИХОДЬКО",
    "performances": [
      {
        "time": "14:00",
        "hall": "Зал 2"
      }
    ]
  },
  {
    "id": "12",
    "comedian": "ЕВГЕНИЙ ЧЕБАТКОВ",
    "performances": [
      {
        "time": "15:00",
        "hall": "Зал 2"
      },
      {
        "time": "19:00",
        "hall": "Зал 2"
      }
    ]
  },
  {
    "id": "13",
    "comedian": "ВИКТОРИЯ СКЛАДЧИКОВА",
    "performances": [
      {
        "time": "16:00",
        "hall": "Зал 2"
      },
      {
        "time": "20:00",
        "hall": "Зал 2"
      }
    ]
  },
  {
    "id": "14",
    "comedian": "ПАВЕЛ ДЕДИЩЕВ",
    "performances": [
      {
        "time": "17:00",
        "hall": "Зал 2"
      },
      {
        "time": "21:00",
        "hall": "Зал 2"
      }
    ]
  },
  {
    "id": "15",
    "comedian": "АНДРЕЙ АТЛАС",
    "performances": [
      {
        "time": "18:00",
        "hall": "Зал 2"
      },
      {
        "time": "22:00",
        "hall": "Зал 2"
      }
    ]
  }
]
